Two Best Sisters Play - Friday The 13Th,65
Luna's Determination | Mlp:Fim Fan Music Animation,64
Everyone Loves Princess Luna,63
My Tiny Pony - Pinkie Pie,52
"Luna Plays X-Pony Equestria Unknown, Episode 1 (Animation)",43
Friendship Is Musical | Season 5 (Second Half) [+Updates],35
Beach Vacation (Mlp In Real Life),33
Different Life Of Guardian [First Person Animation],31
[Sfm Pmv] Vinyl Scratch - All About That Bass,30
Spike Gets Spooked,29
"Totally Legit Recap: ""Discordant Harmony"" Season 7 Episode 12",28
[Mini-Horse] All Bottled Up,25
[Sfm Ponies] Trixie's Torment,20
"Totally Legit Recap: ""A Health Of Information"" Season 7 Episode 20",19
Derpy: The Spoopening,15
Pmv | Everybody Talks (Ft. Dr_Stables) | Commemorating 7 Years Of Pony,11
Derpy And The Magic Map,10
Mlp The Movie - Leaked Original Ending,10
Ship Princess [Sfm],10
The Friendship Zone Ep 1: One For An Audience,9
Off To See The World | Pmv,7
A New Pair Of Wings (Starlight Glimmer Cover) [Pmv] - Notion,6
"Where Are You, Professor? - Animatic",6
Halloween Special - I'M The Bad Guy,5
Nightmare Night Society 2 - Home By The Sea,5
The Many Faces Of Season 7,5
Jumpstart | Pmv,5
Pmv Moana: You'Re Welcome,5
Peel Off Nanalyzes: What If They Did Something Else With Dash,5
Ahhh!,4
Thor: Ragnarclop,4
"Tf2 Analysis: ""Safety Review""",4
Bat Pony Type Of Situation,4
[Sfm Ponies Short] You'Re Not You When You'Re In Withdrawal,4
The False Promise Of Our Cutie Marks (Feat. Starlight Glimmer),3
My Little Pony: The Movie - Official 'Rainbow' üåà Lyric Music Video By Sia,3
Ciderfest 2017,3
A Serious Analysis Of Mlp,3
Dancing Naked,3
[Pmv] Grim Grinning Ghosts (Collab With Sketch Media),3
Fth Bloopers,2
Taking Scare Master Too Seriously Ft. Voiceofreason,2
Luna'S Determination,2
Tacocat Eg Sonata Dusk [Animation],2
Friendship Is Musical | Season 5 (Second Half) [+Updates,2
Bronies React - Ponyville Ciderfest 2017,2
Pinkie Pie (Kinda) Plays Five Night'S At Pinkie'S 4 üçã [Silly!],2
[Sfm Pmv] Vinyl Scratch-All About That Bass,2
[Sfm] Pinkie Pie Is A Sexy Fish (Meme),2
Pmv ‚Äî Glimmer (Follow Me Down),2
Mlp Animation: Paper Kp Pony (A Super Mario Brothers Parody),2
(Parody)Everything Wrong With Sunrise Surprise,2
The Secret House Of Horrors,2
Two Best Sisters Play Friday The 13Th,2
"Pmv | Never Forget, Princess Sparkle",2
Friendship Is Musical | Season 5 (Second Half) [+Updates]Ôªø,2
Without Context: My Little Pony The Movie,2
Wenches And Mead [2017],2
Nightmare Night 2017 (Mlp In Real Life),1
Sia - Rainbow (From My Little Pony The Movie) Pmv,1
Friendship Is Musical I Season 5 (Secomd Half) [+Updates],1
"Luna Plays X-Pony Equestria Unknown, Episode 1",1
(Sfm Ponies) Wacko,1
He Friendship Zone Ep 1: One For An Audience,1
Vinyl Scratch - All About That Bass,1
A Story Written With Ink [Mlp Fanfic Reading] (Grimdark),1
"Totally Legit Recap: ""A Health Of Information"" Mlp Season 7 Episode 20",1
Luna'S Determination | Mlp: Fim Music Animation,1
Hooves Line Is It Anyway? - Ponyville Ciderfest 2017,1
[Mlp Halloween Comic Dub] Scare Master: What A Fright (Uplifting),1
"[Blind Reaction] My Little Pony: Fim Season 7 Episode 25 & 26 - ""Shadow Play""",1
Ponies The Anthology V (The Reupload),1
Friendship Is Musical | Season 5 (Second Half),1
„ÄåPmv„Äç–ú–µ–ª–æ–º,1
Welcome To The Show (Brilliant Venture Remix Feat. Wubcake),1
Journey,1
Custom Songbird Serenade My Little Pony The Movie Mlp Figure Diy I Sweet Treats,1
Season 8 Hascon Mlp Animated Paper Ponies Style,1
Open Up Your Eyes (Metal Cover),1
2 Sisters Play - Friday The 13Th,1
Tootsie‚ÄôS Date With Twilight Sparkle,1
"[Blind Commentary] ""Uncommon Bond"" - My Little Pony: Fim S7 E24",1
My Little Pony The Movie (2017) Voice Actors And Characters,1
Starswirl Academy #01 - Mo≈ºe Czas Na Visual Novelkƒô? [Fandomowe Granie 24],1
Mlp Speed Paint Eqg Songbird Serenade,1
[Collab] Just Like Fire Light 'Em Up [Pmv],1
(Sfm Ponies) Boneless Pizza,1
Rarity Knows Best - Mlp:Fim Sfm In Real Life,1
It'S Hard To Be A Princess [Animation],1
My Little Reviews: A Health Of Information,1
Ufp Director'S Commentary 4: The Longest Episode,1
Making Of My Little Pony The Movie,1
"Totally Legit Recap: ""Discordant Harmony""",1
Welcome To The Friendship Parade [Pmv] [Best Played Loud],1
Luna‚ÄôS Determination,1
Mlp Mep-Welcome To My House,1
Halloween Q&A | Michelle Creber & Claire Corlett | 2017 Halloweek #1,1
Legends[Short Typography],1
Sibling Heroes : Great Crystal War Another Story,1
An Apple Sleep Experiment [Mlp Fanfic Reading] (Grimdark,1
Brony Memories: Derpy And Derpygate,1
Mlp In Real Life (Beach Vacation),1
Engaged At Disneyland!,1
Brony Problems: Fan Animations,1
Mlp Movie Pmv|| Off To See The World,1
Pony Shenanigans Iii,1
Luna‚ÄôS Determination | Mlp: Fim Fan Music Animation,1
Einarx - Shed.Mp3 [Dubstep],1
First Thoughts: My Little Pony The Movie!,1
Oh My God A Parody Wut It'S Been Like Forever,1
[Mlp Comic Dub] Alicorn Rebirth (Comedy),1
Fly Like You Sfm - Bench Thief Productions,1
My Little Pomy Cake! - Nerdy Nummies,1
Mlp Vlogs: Ponyville Confidential,1
Twilight Briar | Mlp/Guild Wars 2 Sfm Animation,1
Friendship Is Musical - Season 5 (Second Half) [+Updates],1
An Apple Sleep Experiment [Mlp Fanfic Reading] (Grimdark),1
My Tiny Pony - Pinkie PieÔªø,1
Mini-Horse] All Bottled Up,1
Luna Play Xpony Equestria Unkown Episode 1,1
My Little Pony The Movie Review (Spoiler Talk),1
Friendship Is Musical Season 5 Part 2,1
Friendship Rocks: Episode 2 | Spooktacular,1
You'Ve Had Your Fun | Ft. Skye Rocket | Happy Halloween! üéÉ,1
Spring Harvest (8-Bit Mlp Song),1
Run Mlp Mep,1
Silver Quilted ‚Äì Once Upon A Zeppelin,1
Everybody Loves Princess Luna,1
@$#% Flowey! | Undertale #27 | Doctor & Derpy,1
Frigid & Friends (Cute Animation),1
Trixie'S Torment,1
After The Fact: Applejack Appreciation,1
Luna Plays X-Pony Equestria Unknown,1
Time To Be Awesome (Cover By Elias Frost) [Mlp: The Movie],1
My Little Pony Friendship Is Magic Season 7 'Pony Of Shadows' Finale Trailer,1
Thor: Ragnaclop,1
Pmv Collab | Midnight City,1
The My Little Pony Movie Review (Spoiler-Free),1
"Mlp Baby Comic ""Trick Or Treat On Nightmare Night""",1
Different Life Of Guardian,1
My Tiny Pony: Pinkie Pie,1
Bangarang Feat. Mlp [Ytpmv],1
(Animation) I Will Always Love You | By Ponies In Reverse,1
Two Best Sisters Play - Fridaythe 13Th,1
[Sfm Ponies | Part 1] Trinity: A New Beginning,1
Pmv Battle Scars | My Little Pony Movie,1
Review - My Little Pony: The Movie (2017),1
Getting Stronger (Music Video) - Michelle Creber & Gabriel Brown/Black Gryph0N,1
Bronycooper Draws: Punk Rarity,1
(Almost) Every Pony Individual ~ Bright Idea Sings,1
A Helping Hoof For Tempest Shadow Mlp Baby Comic,1
Friendship Rocks: Episode 2 - Spooktacular,1
Trixie‚ÄôS Torment,1
Pony Shenanigans ‚Ö¢,1
Equestria: Into The Wild - Trailer #1,1