"Mlp:Fim [Animation] ""A Little Incident""",76
"Anthropology ""Animated Pmv""",65
Bronies React: Season 7 Premiere,48
"Totally Legit Recap: ""A Royal Problem"" Season 7 Episode 10",44
"Fluffle Puff Tales: ""Poptart""",43
Questria -One,39
The Nap (Mlp In Real Life),28
Mlp - Mechanical Girl - Voltaire - Animation,23
Friendship Is Manly: Phantom Friendship,22
Detective Lyra,22
[Trailer] The Mare Who Once Lived On The Moon,21
Nas Intro,21
Timber (Sung In Mlp Voices) Animation/Pmv,20
My Little Pony: The Fleeting Light - Ep. 1 [Animation],14
My Little Pony: Friendship Is Magic (Mlp:Fim) // A True True Friend - Human Version (Wip),14
[Sfm] A Whole New World [Pmv],14
[Sfm] Bacon Rampage,12
"Totally Legit Recap: ""Hard To Say Anything"" Season 7 Episode 8",11
"Mlp Original Song ""Dream Of You"" Pmv",11
La Da Dee: From The Beginning To The End,10
After The Fact: Two Worlds,10
[Pmv Collab] The Calling,10
üéºPmv | Satellite [Collab]üé∂,9
"Tf2 Analysis: ""Hats Off To You""",9
The Legend Of Sparkle - Official Trailer,9
Ufp 91: The Longest Battle,8
"Totally Legit Recap: ""Honest Apple"" Season 7 Episode 9",8
My Little Pony - Playing With Guns,7
Baloney'S React: Celestial Advice+All Bottled Up (Season 7 Premiere),6
Everything You Know Is Wrong Weird Al (Mlp Animation),6
[Sfm] Printer (By Royat12),6
Young And Proud | Pmv Collab,5
My Little Pony: The Movie - Official Trailer Debut ü¶Ñ,5
The Stellae Key - #6 Stop The Clock,5
Galacon 2017 Promo,5
The Brony Community (Part 6),4
The Nap (Mlp In Real Life),4
Ultra L+Y,4
My Little Pony - Amazing World Of Gumball,3
My Little Pony: The Movie - Official Trailer Debut,3
Trap Of Mind (Animation),3
Pony Shenanigans (Volume 16),3
ÔºªPmvÔºΩHope ÔºÜ Future,3
Fluttershy Plays Octodad üçâ | Now I'M Octoshy! *Blurbburb*,3
Major League Pony: Episode 2: Making Friends Part 2,3
Cutie Mark Crusaders Trying To Stop The Nazgul,3
Mlp Comic Dub - Hot Sauce (Comedy),3
Top 10 Fan-Made Twilight Songs,3
The Fairy Fountain (Cmpc Promo),3
Pinkie Pie Learns A New Word [Mlp Fanfic Reading] (Comedy),3
Have Fun Together [Animation],3
Ohponyboy - You Are Wonderful [20% Faster Remix],3
My Little Pony: The Fleeting Light - Ep. 1,3
4Everfreebrony - Chant Of Benevolence (Ft. Chi-Chi),3
Everything Right/Wrong With Dance Magic In 7 Minutes Or Less,3
My Little Pony - Ducktales Theme 2017 Mashup,3
Brony Problems: Brony Problems,3
"Satisfaction (Non Blocked, 60Fps Edition) [Ponydub]",3
How Trixie Feel About Cold Weather,2
"Celestia And Luna React To ""Let It Go. A Nightmare Moon Parody""",2
"Mlp:Fim [Animation] ""A Little Incident",2
Button Mash Plays Frogger,2
Mlp - Types Of People At Parties,2
01001000 01100101 01101100 01110000 - Mlp Irl,2
Anti-Bronies: What Is Their Deal?,2
Rapsittie Street Ponies,2
[Mlp] How Do Pony Names Work?,2
After The Fact: Brotherhooves Social,2
[Mane 6 Sings] Scars To Your Beautiful Cover!,2
A Little Incident,2
"Anthropology ""Animated Pmv",2
Anti-Bronies: Where Do They Come From?,2
Bonus Bronies React: Season 7 Premiere,2
Bandwagoning With The Mlp Movie Trailer - Derps With Minis,2
My Little Reviews: Hard To Say Anything,2
[Pmv] On My Own,2
Lightning Bliss'S Guide To Con Survival,2
"Mlp Baby Comic ""How Trixie Became Great And Powerful""",2
"Mlp: Fim [Animation] ""A Little Incident""",2
4Everfreebrony - Good Girl (Cover Ft. All The Mares),2
Princewhateverer - Resilience (Ft. Sable Symphony & Mantatsubasa) (Comm: Sparkling Snake),2
My Little Portal Ep10 Preview,2
Glass Of Water - You'Re Wrong And That'S Okay,2
(Parody) Everything Wrong With Pinkie Pride In 3 Minutes Or Less,2
My Tiny Pony,2
Questria ‚ÄìOne,2
Dreamkeeper Luna,2
My Little Pony Season 7: Part 1 - Episodes 1 To 11 Censored!,2
[Spoilers!] Buttercupxbright Mac-Love Will Find A Way,2
[Mlp Comic Dub] Applejack Vs. The Toothbrush (Comedy),2
Damien Loses | Gmod Jenga,2
Legends Of Equestria Open Access Release Announcement,2
"Perfect (Meme) - ""My Little Oc""",2
Animation - Anthropology,1
The Brony Community (Part 6)Ôªø,1
My Little Pony : The Movie Official Trailer,1
Leader Of The Horse,1
Top 10 My Little Pony Fan Animation,1
Pmv | Satellite [Collab],1
[Mlp Comic Dub] Terrible Disadvantages (Saucy Comedy),1
Satisfaction,1
Totally Legit Recap: A Royal Problem,1
How Trixie Feel About The Cold Weather,1
Bright Idea Sings:One Week(An Mlp Parody),1
Make This Castle A Home (Cover),1
[Metal Pmv] No Doubt,1
I Was Wrong About Mlp (The Perfect Pear Review),1
The Legend Of Sparkle Official Trailer,1
My Little Pony: The Fleeting Light (Pony Space Opera!),1
Baloneys React: Season 7 Premiere,1
Freefall,1
Anger Management - A Moment With Drwolf,1
"Totally Legit Recap ""A Royal Problem"" Season 7 Episode 10",1
You'Re In My Head Like A Catchy Song Cover (Ashleyh),1
You Are Two,1
Fluttershy Plays Spook'S House Of Jumpscaresüçâ|Get The Spook On,1
[10K Sub Special] Mlp:Fim S07E13- The Perfect Pair,1
 Timber  ( Sung In Mlp Voices ) Animation / Pmv,1
The Dazzlings: Season 2(E16) - Sunset Alone,1
Marie Sue Prank Calls Jasper Pie,1
My Little Pony: The Fleeting Light - Ep. 1[Animation],1
Remembrance Episode 6 Trailer,1
Appleoosa'S Most Wanted Deleted Scene (Comic Dub),1
[Trailer] The Mare Who Once Lived On The MoonÔªø,1
Kadenza & Zero - Chaos (Ponies At Dawn),1
10 Disney Princesses Reimagined As My Litle Pony.,1
7K Subs! - Ain'T My Fault [Mlp Mep],1
[Sfm] A Whole New World (Pmv),1
[Metal Pmv] Sound Of Silence,1
[Mlp Comic Dub] Motherly Scootaloo: Firefly'S Story (Tragedy),1
Friendship Is Magic Character Song (Book Version),1
"My Little Pony: Equestria Girls Specials - Dance Magic, Movie Magic And Mirror Magic Censored!",1
"Anthropology ""Animation Pmv""",1
Smile 11?,1
Fluttershy Plays Spooky'S House Of Jumpscares üçâ | Get The Spook On,1
Taking Brotherhooves Social Too Seriously Ft. Trickyfox,1
John Kenza - Nightmare (Ponies At Dawn),1
My Little Pony Season 7 - Episode 9: Honest Apple Censored!,1
Infinite Line For Anthology 5 Premiere,1
"Totaly Leight Recap: ""A Royal Problem"" Season 7 Episode 10",1
Timber (Sung In Mlp Voices),1
"Anthropology "" Animated Pmv""",1
Baloneys React: Season 7 Premiere (Celestial Advice+All Bottled Up),1
[Eqg1 Fandub] Sunset Comfronts Twilight,1
Suri!!! On Ice,1
Tf2 Analysis: Hats Off To You,1
Ohponyboy - (06) Stop The Clock [Animated Music Video],1
Hide And Seek Short Animatic Thing :P,1
"A Mothers Words (Angel Beats Parody ) For ""The Perfect Pear""- Ashleyh",1
Race - [Pmv],1
A Whole New World,1
"Mlp Original Song""Dream Of You""""Pmv""",1
Fluffle Puff Tales: Poptartby Fluffymixer,1
Two Best Sisters Play - Fallout 4,1
[Metal Pmv] Equestrian Bitches: Shake It!,1
My Little Pony: The Movie Except It'S Angry Birds,1
Where Are You? \ Animation,1
Ultra L + Y,1
A Buck To The Face - All Bottled Up,1
Lemme Smash - Pony Edition,1
Top 5 Emotional Moments In My Little Pony,1
Australia Bronies React The Perfect Pair Season 7 Episode 13 My Little Pony,1
Mary Sue Prank Calls Jasper Pie,1
[Mlp Comic Dub] An Apple Blossoms (Uplifting),1
Pmv | Helena,1
Celestial Advice Review Ft. Antonyc,1
You'Re In My Head Like A Catchy Song,1
It'S High Up Here,1
Derby Racers || Mega Group Collab!,1
Fluffle Puff Tales: Poptart,1
[Sfm] Compilations 2 (4000 Subs),1
Mlp.Fm-Rarety'S Hard Rock Guitar Solo Honest Apple (Hd),1
Fluttershy Becomes An Alicorn Princess! - Mlp,1
Bronies React: Season 7 Premeire,1
[Metal Pmv] Decapitation Fornication,1
[Mlp Comic Dub] From Rara With Love (Comedy),1
My Little Pony: The Feeting Light Ep. 1,1
"She'S In Apple Heaven, Now",1
My Little Pony: The Fleeting Light Ep. 1 [Animation],1
"Lp:Fim [Animation] ""A Little Incident"" Brutalweather",1
The Sketchpad: Willa Milner Interview!,1
Good Job,1
Sfm Ponies: Pony'S Day,1
Who Is Best Pony? Twilight And Rd Call Bronies (Episode 1),1
Fluttershy Plays OctodadüçâL Now I'M Octoshy! * Blurbburb *,1
[P@D] Jyc Row & Woodlore Feat. Karen Warren - Flamethrone Legacy,1
Totally Regit Recap: 'A Royal Problem' Season 7 Episode 10,1
Nuclearbrony-The Changeling Queen,1
Questria - One,1
Mlp:Fim - How To Make A Great Non Pony Oc! - W/Elicitie,1
Hard To Say Anything In Eight Minutes,1
[Animation] What Did Maud Do Again?!,1
Silent Ponyville 2 Audio Comparison (Original Vs. Redux),1
The Stellae Key - Stop The Clock,1
Where'S The F***Ing Video?,1
Scootaloo And Applebloom Bond,1
Freedall,1
Run This Town | Mlp Mep,1
[10K Sub Special] Mlp:Fim S07E13 - The Perfect Pear,1
Children Of The Night,1
Trotcon 2017,1
Mlp Fim: A Little Incident,1
Pony And The Beast-How Does A Moment Last Forever (Montmartre),1
[P@D] Jyc Row & Lia;Quo „Äå„Éê„ÉÉ„Éà„Éù„Éã„Éº„Äç„ÄêFeat. Kjellska„Äë,1
[Blind Commentary] Bronies React: Equestria Girls - Legend Of Everfree,1
M A R E S - E2 - S1: Suits You Well,1
Pony Facts About Flurry Heart,1
Never Say Magic Inside (Mashup),1
Reacting Is Magic: My Little Pony: The Movie - Official Trailer Blind Reaction,1
The Mare Who Once Lived On The Moon,1
[Mlp Comic Dub] Pinkie Logic (Comedy),1
"My Little Pony: The Movie (2017) Official Trailer ‚Äì Emily Blunt, Sia, Zoe Saldana ‚Äì In Theaters 10/6",1
1 Year (And 3 Days) On Youtube!,1
Voices In My Head Full Mlp Mep],1
„ÄêAnimation & Music„ÄëThe Watcher (Ft. Silva Hound & Lavender Harmony),1
Letters From An Irritated Princess- Brushing Off Bad Lessons,1
Paper Derpy'S First Movie Teaser Trailer,1
My Little Pony: Amazing World Of Gumball,1
My Little Review: Hard To Say Anything,1
Brony Con Annoucement 2017,1
Aurelleah - Daybreaker [Epic Orchestral/Epic Trailer Music],1
My Little Pony: The Fleeting Light-Ep.1 [Animation],1
"[Pmv] Another Brick In The Wall, Part 3",1
[ Pmv ] ~ Despacito,1
Pinkiepool Season 1 - Voice Actor Choice (R2),1
Legend Of Equestria: Open Access Release Announement,1
Pony And The Beast-Belle (2017),1
[Trailer] The Mares Who Once Lived On The Moon,1
Keychi Keen Ep. 7 - Topsy Turvy,1
Season 7 In A Nuttshell| Disclamer: Bad Languaege,1
[Mlp] Princess Celestia'S Secret Weapon,1
Pmv---–Ø –¢–æ–ª—Å—Ç–∞—è!,1
`Questria-One,1
Never Be The Same Simple Pmv | Sci-Twi,1
Lovestruck Derpy Official Dub [Part 6],1
Whatever Happened To Starswirl The Bearded?,1
Pony Facts About Thorax,1
"Perfect (Meme)- ""My Little Oc""",1
Dashie'S Story - Yo Yo Pony,1
[Sfm] A Whole New World (Pmv) By Everfree Team,1
"–ü—Ä–∏–∫–æ–ª –ü–µ—Å–Ω—è ""Pony Girl"" –£–ø–æ—Ä–æ—Ç–∞—è –û–∑–≤—É—á–∫–∞",1
[Metal Pmv] The Spectacle,1
Pinkiepool Season 1 - Open Audition 2 (Closed),1
Pony And The Beast-Belle (Reprise) [2017],1
"Analysing ""A Royal Problem"" With Doctor Wolf And Tricky Fox",1
Fruitless Efforts,1
[Preview] Friend Like Me- Animated,1
Antony And Heartsong'S Season 6 Special,1
Doctor Whooves Ep 1 The Doctor In The Box,1
My Little Pony: The Movie - Official Trailer,1
Dj Pon-3 - Alone Equestria Girls [Pmv],1
Live Doctor Derpy Q&A: [Part 5] With Jot,1
Pony And The Beast-How Does A Moment Last Forever (Music Box),1
Thug Lyfe 12.0 ~ Mlp:Fim/Equestria Girls ~ *Offensive Language Warning* ~ Mlp Vines (Wtf Mlp Crack),0