"MLP:FIM [Animation] ""Metal Gear Friendship""",71
Totally Legit Recap: Rainbow Rocks Shorts,41
Pinkie Promise [Animation],39
My Chibi Pony: War of the sisters,36
"""CAN'T STOP THE FEELING"" (Sung In MLP Voices)",35
4chan Cup: /mlp/,34
‚ÄúFight Song‚Äù (Sung in MLP Voices) PMV,30
Closer [PMV] [Collab],29
Anatomy of a Brony (Ponycon Short),20
Celestias advice [ANIMATION],19
The Lonely Heart [Animation],19
My Little Reviews: The Fault In Our Cutie Marks (Feat. BlackGryph0n),18
Gabby Sauce [PonyDub],16
After the Fact: Villains Old and New,14
You Can Also Do It Too As Well - Episode 01,14
Pinkie Polkka [YTPMV],13
A Paper Derpy Recursion,11
"Preview2. Choices. ""The Contract""",11
Cowfy Gwinty,11
"Who are you, Count? (–ö—Ç–æ –≤—ã, –ì—Ä–∞—Ñ?) - animatic (Ink Potts parody)",11
My Little Menagerie: Memes are Magic,10
Something I Need [PMV],9
Top 10 MLP Ship-Fics,9
My Little Pony: Scootertrix the Abridged: Episode 20,8
Brony Problems: Pony Collectors,7
PINKIEPOOL - Millionaire Trailer,7
Rainbow Dash - How to Save a Life [SFM Ponies] ,7
All the Right Moves - OneRepublic [SFM PMV],6
PMV | Let's Dance to Joy Division,6
Rainbow Factory Ep. 1 PREVIEW (PONYCON 2017 RELEASE),6
Remembrance Episode 5- Broken Bond,6
Original Song. Midnight frenzy,6
Race Reacts to Bronies React to Teens React to My Little Pony: Friendship is Magic,6
OhPonyBoy - The Blob Symphony VIP,6
MLP FiM: Daughter of Discord-Episode 6 (Fights),5
After the Fact: Happily Ever After,5
[PMV Collab] - All This Time,5
My Little Reviews: The Fault In Our Cutie Marks (Feat. BlackGryph0n) ,5
"Nostalgia Bomb 03: My Little Pony Fan Videos, Summer 2011",4
Derpy the Cupid,4
Snow Day | Muffin Story | Khuzang,4
Derpy's Sketchy Valentine's,4
After the Fact: The Amazon Archetype,4
Conventions! - Whinny City/Babscon,4
OhPonyBoy - (04) Et Les Etoiles Chantent [The Stellae Key] MUSIC VIDEO,4
"My Little Pony : Friendship is Pandering Ep.1 ""It Starts with a Sparkle""",4
All Star but it's sung by My Little Pony,4
Top 10 Rainbow Dash Moments,4
FTH VS TFC Showdown,4
Analyzing Is Magic: What's Wrong With Flash Sentry?,4
A Celestial meeting,4
(Parody) Everything Wrong With Rarity Takes Manehattan in 3 Minutes,3
Cursed Pony Magic: Scootaloo,3
AMWDW KP and Finding Hope Through Despair,3
LuRhythmic - Rainbow Factory (Big Band Jazz Cover),3
Shooting Weim (Shooting Star Parody),3
"Rewriting ""Games Ponies Play""",3
PrinceWhateverer - Between Fairytales and Happy Endings Ft. Aiko & Senra [REINVENT],3
"Magic Lesson - ""The Savage Lesson"" ft Keychi",3
Analyzing Is Magic: Can Everyone Be An Alicorn?,3
FTH Open Mic Podcast Pilot!,3
Princess Luna - Cider Commerical,3
Fluttershy plays Animal Jam üçâ | SO MANY WONDERS!,3
"MLP Baby Comic ""Villains Need Love Too!""",3
"[SFM] My Russian pony ""–†–∞–∑, –¥–≤–∞, –ª–µ–≤–æ–π!"" [PMV]",2
UFP 89: A Very Special Olympics,2
4everfreebrony - Just Another Day In Ponyville (Original A Capella),2
GAMEPLAY - Friendship is Epic (dev-demo-testing) - 3 players,2
[Collab] That's My Girl [PMV],2
Rainbow Dash - How to Save a Life [SFM Ponies] ,2
Cutie Mark Laboratories - Bits to Dollars Exchange Rate,2
Stained Memories [MLP Fanfic Reading] (Grimdark),2
MLP FiM: Daughter of Discord- Episode 6 (Fights),2
[PMV] My Little Pony - Skillet (Resistance): Rise Up,2
OhPonyBoy - Et Les Etoiles Chantent [The Stellae Key] MUSIC VIDEO,2
Equestria Dynamics,2
[MLP parody] Dune II,2
All the Right Moves - OneRepublic [SFM PMV] ,2