Starlight and the strange castle [Animation],72
"""Spare"" animation",68
Bronies React: Season 6 Finale,59
Mentally Advanced Series: Season -2 Ep -2,49
Mirage,43
Totally Legit Recap: Equestria Girls (Part 2),37
Ghost reacts to TCR being in The Top Ten Pony Videos of December 2016 (True Capitalist Radio),30
My Lego Pony: Easy dream (animation),28
Moana meets My Little Pony,28
Catch a Falling Star ~MLP Animation~,24
3 YEAR ANNIVERSARY ANIMATIC (You and ME),23
Princess Trixie Sparkle - Episode 10 - Revelations,22
About Spike and Rarity (Animation),16
Twilight's Apple (MLP in real life),15
[Trailer] Harmony Falls,11
The Top Ten Pony Videos of December 2016,11
The Brunch Bunch ,10
Fluttershy and The Ant Army,9
Sunburst Radio Graffiti 9 ft Scarlet Moon,9
We Are Number One but its a Fluttershy Horse Cover üçâ,8
I Will Be There (MLP Singing Cover),8
[SFM Ponies] Young Sweet Eyes,8
"Maybe We Can Hang Out Or Something ""ANIMATED PMV""",8
True Capitalist Radio - Brony Trolls Tribute,7
PMV | Spirits,7
IDENTITY - A Changeling's Story,6
"Entrance Exam ""MLP ANIMATION""",6
Nostalgia Bomb 02: My Little Pony Fan Videos From 2011 Part 2,6
Analyst Bronies React to Legend of EverFree,5
Twilight Geddan [Animation],5
Pony Town Boop 1#,4
"""We Are Pinkie Pies"" (A We Are Number One parody)",3
Forget Meme || Luna,3
"MLP Baby Comic ""Magical Outbursts""",3
My Little Tale - Episode 0 - Choice. (A MLP/Undertale Crossover Animation),3
PMV | Love Runs Out,3
"MLP Baby Comic ""Magical Outbursts""",3
Rainbow Dash Skits & Sh*t Compilation,3
Sunburst Radio Graffiti 11,3
Fluttershy plays Weird Pony Games üçâ | ALWAYS TWILIGHT. | Part 7,3
[SFM] MLP Pony Dance club 2,3
Ghost's Pony Rap,3
The Top 25 Pony Videos of 2016,3
Totally Legit Recap: Equestria Girls (Part 1),3
Ponies the Anthology 6 - Official Trailer,2
UFP 87: What Is The Deal?,2
The Fresh Princess of Bel-Mare PMV,2
Everybody hates Celestia (EHP Short #2),2
Equestria Divided: Last Stand,2
maximum pinkrobics on vhs,2
"hold on, we're going home",2
The Fresh Princess of Bel-Mare PMV,2
[PMV Collab] - Somewhere Only We Know,2
[SFM Ponies] Deck the halls (60fps),2
"You can never escape them, Ghost (Ghost Trolling Collab 2)",2
(MLP Comic Dub) The Reunion [sad/uplifting],2
Doctor Ponk,2
[Gmod] What if Fluffle Puff had a voice?,2