Doors 3: The Finale,52
Best Princesses Ever,50
Flight In 2 Easy Steps,35
Rainbow Dash'S Precious Book - Part 14 (Mlp In Real Life),29
[Sfm Ponies] Wonderland,25
A Derpy Doppel-Ghouler,23
Different View Of Reality 3: The Crazy Walk [Animation],22
I'D Go With You Anywhere | Pmv Collab,19
"Totally Legit Recap: ""Sounds Of Silence"" Season 8 Episode 23",17
The Scariest Costume Mlp Animatic Song,16
"Mlp Season 8 In A Nutshell: Ep. 25 ""School Raze""",16
[Sfm-Pmv] Already One Year (Fallout Equestria)Ôªø,14
Mlp Animation: Discord The Lion King,13
"Mlp Season 8 In A Nutshell: Ep. 25-26 ""School Raze""",13
"Totally Legit Recap: ""A Rockhoof And A Hard Place"" Season 8 Episode 21",11
Task Force Harmony - Bedlam Conflict,8
Tirek'S Therapy Visit A Moment With Drwolf,7
[Sfm-Pmv] Scatman (Ski-Ba-Bop-Ba-Dop-Bop),7
Pmv | Black & White (A Pmv Collaboration) | Commemorating 8 Years Of Pony,7
Can Can - Kirin Edition [Ytpmv],6
[Ytpmv] Derpy'S Life As A Postman,5
[Sfm Ponies] Carry Me Home,5
1 Second Of Every Mlp:Fim Episode,4
Pmv | 1985,4
[Sfm Ponies] Lifeboat,4
Nightmare Night Monster Fight,3
Scootertrix The Abridged: Episode 25 - Official Trailer,3
Trick Or Treat,3
Thespio & Midnight Sonata Prank Call Jasper Pie,3
Make Your Cake [Animation],3
[Mlp]-[Sfm] My Blood,3
"Tf2 Analysis: ""Great Scott, This Is Heavy!""",2
The School Of Friendship'S Scrapped Promo Video [Parody],2
A Derpy Sleepover,2
Our Childhoods [Sfm] | Sfm Ponies Music Video | 1080P | Cc,2
Apple Bloom'S Kaiju Rap,2
We‚ÄôRe In This Together Ukponycon 2018 Musical Vlog,1
My Little Springtrap - Horror Is Magic,1
Everything Right/Wrong With Rollercoaster Of Friendship In 15 1/2 Minutes Or Less,1
Twilight Sparkle Bubblegum (Halloween Quickie),1
Ecs - Episode 10: Princess Erroria [Mlp Over-Analysis] [Collab],1
My Little Pony In A Nutshell Ep. 25 School Raze,1
First Bronycon Experiences,1
"Mlp Season 8 In A Nutshell: Ep. 24 ""Father Knows Beast""",1
Spook,1
Rainbow Dash Precious Book - Part 14 (Mlp In Real Life),1
The Magic Of Mischief Ft. Chi Chi (Official Music Video),1
[Sfm-Ponies]: Big Neigh,1
Everyone Loves Princess Luna,1
Prince Whateverer And Frozen Night This Is Nightmare Night,1
Your Heart Is In Two Places (Jth Remix),1
‚ÄúThe Scariest Costume‚Äù Mlp Animatic Song,1
Meow Center,1
Earth To Pony- Episode 1 Part 2 Mlp,1
Addams Family Pmv: One Normal Night,1
The Scariest Costume Mlp Anmatic Song,1
Mlp In A Nutshell Season 8 Finale,1
Friendship Isn'T Magic Three: Accredidation Venture,1
Pony Horror Abridged Short 1: Word To The Wise,1
Jumping,1
„ÄêÔº∞Ôº≠Ôº∂„Äë Last Tempest (Ft. Vylet),1
[Mlp Halloween Comic Dub] Silly Lyra: Night Mare Fest (Uplifting),1
Totally Legit Recap: ‚ÄúA Rockhoof And A Hard Place‚Äù Season 8 Episode 21,1
Twilight Learns The Truth (Dwf Pony Wrestling Stream),1
Rainbow Dash'S Precious Book Part 14 (Mlp Irl),1
"Fluttershy Plays Dark Deception üçã | Monkey See, Monkey Stop.",1
Theodd1Sout Pmv: Life Is Fun,1
I'D Go With You Anywhere| Pmvcollab,1
Mmd Song - Mlp Girls| Mmd Mlp Meme| Mmd Song| Mmd Meme Dance| Mmd Dance,1
"Earth To Pony - [Episode 1, Part 2] (Mlp In Real Life)",1
Our Childhood [Sfm] | Sfm Ponies Music Video | 1080P | Cc,1
Mlp Season 8 In A Nutshell: Ep. 25 ‚ÄúSchool Raze‚Äù,1
Moral Of The Story - Hard To Say Anything,1
Scare Master | My Little Pony: Fim Reviews,1
From Dusk To Dawn [Mlp:Fim Animation],1
–ü–æ–Ω–∏ –ö–ª–∏–ø - –ê–π-–Ø-–Ø–π | Rainbow_ Vika –ò –§–ª–∞—Ç—Ç–µ—Ä –ì—Ä–∏–Ω,1
Preview 2 Mlp Effects,1
A Derpy Dopper-Ghouler,1
A Buck To The Face - Hard To Say Anything,1
"Totally Legit Recap: ""Sounds Of Silece"" Season 8 Episode 23",1
"Earth To Pony- [Episode 1, Part 2] (Mlp In Real Life)",1
(Parody) Everything Wrong With The Cutie Map #2 In 4 Minutes,1
(Ytpmv) My Little Pony Intro Scan,1
Different View Of Reality 3: The Crazy Walk [Animaci√≥n],1
[Sfm Ponies - Dwk Animated] Killin'Em,1
[Mlp Halloween Special] 'Blueblood'S Pet'S,1
Pmv | Black & White (A Pmv Collaboration),1
Superrdtwig1 Pony Girl,1
Aurora Bori Alice,1
[Metal Pmv] A Reason To Fight,1
Retail,1
The Awakening,1
The Chronicle Of Curse Word: Part 2 (Grimdark),1