Make Your Cake [Animation],33
"Totally Legit Recap: ""On The Road To Friendship"" Season 8 Episode 19",22
Different View Of Halloween [Animation],19
A Derpy Sleepover,18
Keyboard Ponies Animation (Bongo Cat/Mlp Parody),15
[Sfm] One Twilight Night,12
Doki Doki Pony Club! Trailer [Animation],9
A Sardine Grows From The Soil (Feat.Á¥´ÊÇ¶),9
"Mlp Season 8 In A Nutshell: Ep. 22 ""What Lies Beneath""",9
My Little Pony: The Movie - (Thor Ragnarok Style),9
Apple Of The North Farm,8
Shadow Spade Investigates (Happy Rarity Day 2018),6
Royal Correspondence: Episode 13,6
[Pmv Collab] Heroes,5
"Tf2 Analysis ""The Rescuers: Six Feet Under""",5
Pony Shenanigans (Volume 17),4
Pony Girl In A Nutshell,4
[Pmv Collab] Reach For The Stars,4
Twilight'S Corruption (Escape Pmv) [1St Place Drama Alicon Pmv Contest],4
"Mlp Season 8 In A Nutshell: Ep. 20 ""The Washouts""",4
[Teaser] Duel Of The Fates: 3-2,4
(#2) Everything Right/Wrong With The Perfect Pear In 9 Minutes Or Less,3
Rotb Part 6 - Demon Dance Ft. Aeon Of Dreams,3
"Mlp Season 8 In A Nutshell: Ep. 19 ""Road To Friendship""",3
"Mlp Season 8 In A Nutshell: Ep. 21 ""A Rockhoof And A Hard Place""",3
The Top 5,3
Have You Ever Herd? - A Brony Videocumentary,3
Mlp Baby Comic - How To Care For A Baby Kirin,3
Time Adventure (Celestia Song Cover),2
Drop Pop Pony | Animated Pmv,2
Friendship Isn'T Magic Two: Rainbow Rivals,2
Make Your Cake,2
Taking Buckball Season Too Seriously Ft. Dustykatt,2
Make Your Cake (Animation),2
Shipping Ponies (Sfmpony),2
Yoshi Greenwater Youtube Live Shorts Vol. 1,2
How I Became A Brony,2
Taking Triple Threat Too Seriously Ft. Mastercode Part 1,2
Ecs - Episode 8: Star Beasts [Mlp Over-Analysis],2
Pmv Tap Goes The Hammer - Miracle Days,2
Lala,2
"Yo Shy, Yell It Loud - No Background Music",2
"Mlp Season 8 In A Nutshell :Ep 21 ""A Rickhoofnand A Hard Place""",1
Teaser Trailer: Discord The Lion King,1
Luna 1 Letter 12,1
Spooky Scary Ponies [Ytpmv] Halloween Is Magic,1
[Mlp Comic Dub] Sunbutt Sunday: Return Of Bookhorse (Comedy),1
Equestria Girls: Celestia'S Brad Burger Bash,1
Totally Legit Recap: ‚ÄúOn The Road To Friendship‚Äù Season 8 Episode 18,1
Good News [Pmv Collab],1
"Mlp Season 8 In A Nutshell: Ep. 15 ""The Hearth'S Warming Club""",1
2018 Autumn Babby Cup Friendlies - /Mlp/ Vs. /Pol/,1
"Totally Legit Recap ""On The Road To Friendship"" Season 8 Episode 19",1
"Tf2 Analysis ""The Rescuers :Six Feet Under""",1
"Totally Legit Recap: ""On The Rood To Friendship"" Season 8 Episode 19",1
(#2 Everything Right/Wrong With The Perfect Pear In 9 Minutes Or Less,1
We'Re Number One But With Ponies,1
[‚ô´] Game Over - Official Music Video [4K Remaster + Sfx],1
"Tf2 Analysis: ""If I'M Lion, I'M Cryin""",1
Rapping Is Magic,1
Pony Tales [Mlp: Fim Fanfic Readings] 'Tomorrow Never Knows' By Deistar (Tragedy/Slice-Of-Life),1
Totally Legit Recap: ‚ÄúOn The Road To Friendship‚Äù Season 8 Episode 19,1
Winterland Who'S Who - Flitter Batter,1
[Pmv] Three Colors Rainbow,1
[Mlp Comic Dub] Dat Sun (Comedy),1
Pinkie Pie Goes To Rome,1
Taking Times They Are A Changeling Too Seriously Ft. Viva Reverie,1
Spider-Melon! üçâ (Funny Moments),1
Starlight Glimmer Plays Can Your Pet? (Why),1
My Little Pony: The Big Mess! | Short Film | Mlp Fever,1
Mlp Season 8 In A Nutshell Ep. 22 ‚ÄúWhat Lies Beneath‚Äù,1
Waiting For You (Chapter Two),1
Taking Buckball Season Too Seriously Feat. Dustykatt,1
Different View Of Halloween [Animation,1
[Sfm Ponies] (Un)Intimidation,1
Brony Polka Animated - 2018 Trailer,1
[Mlp Comic Dub] A Dream Come True (Uplifting),1
On My Own - Sofia The First Forever Royal Pmv,1
Applejack Hits A Tree Branch And Yells Oww For About 2 Minutes And 1 Second,1
Hamilton Pmv: Polka,1
Twilight'S Perfect Lip Sync [Sfm],1
Memories - Fallout: Roanoak,1
Pmv | Migraine,1
"Mlp Season 8 In A Nutshell Ep. 22 ""What Lies Beneath""",1
Fight Song Pmv,1
"Mystery Brony Theater 4000 ""The Return Of Tambelon"" (Youtube Cut)",1
Getting Stronger (Animation) - Original Song #Breathingspace #Amv,1
"Applespike-Hello, Hello (Gnomeo & Juliet)",1
Top 10 High Effect Pmvs,1