Weird Ponyville,44
Pen Kinda Ruins Bronycon,29
A Derpy Parent Snap,22
Mlp Animation The Sirens' Call (Equestria Girls Dazzlings Song),22
Different View Of Reality 2: Sirens [Animation],21
"Totally Legit Recap: ""Horse Play"" Season 8 Episode 7 / Celestia, We Love You",21
[Pmv Collab] Impossible (Ft. Jack Dc 93),17
Is It Real? Animated Music Video,17
Mlp Animation Short: Discord The Equestria Girl?,14
Discords Therapy Visit A Moment With Drwolf,11
[Pmv] - Peace Sign,10
"Mlp Season 8 In A Nutshell: Ep. 17 ""The End In Friend""",9
Royal Correspondence: Episode 11,7
"Mlp Season 8 In A Nutshell: Ep. 14 ""A Matter Of Principals""",7
Never Seen (–ù–µ –°–ø–∏—Ç—Å—è –≠—Ç–æ–π –ù–æ—á—å—é –ú–Ω–µ) - Animatic,6
Hello Friend [Animation],6
Ponyfied Episode 1,6
Cut My Hair | Animation Meme | Mlp,5
"Totally Legit Recap: ""A Matter Of Principals"" Season 8 Episode 14",5
"Tf2 Analysis: ""Witch Fairy W.I.T.C.H.""",5
[Animation] Pony Of The Year,5
Price | Pmv,4
New Style,4
Twily Brought You A Gift!,4
Unexpected Surprise [Sfm],3
"Ilovenicolascagealot: ""A Matter Of Principals"" (Review)",3
For Heir - Collab Ft. Xhazxmatx,3
[Pmv] Equestria War - Trailer,3
[Mlp-Sfm] True Equality Animated,3
How To Save A Life - The Fray (Sfm 4K),3
My Little Pony Siren'S Call Fan Animation,2
[Sfm Ponies] Broken Promises,2
My Little Pony: Princess Of The Ponies (Trailer Parody),2
Rotb Part 4 - Behold The Rainbow Of Darkness,2
Welcome To /Mlp/,2
"Mlp Season 8 In A Nutshell: Ep. 16 ""Friendship University""",2
Key Asks: Technology In Equestria,2
Slice Of Base Life: Aramau'S Origin,2
Wgat.Mp4,2
How To Be A Brony,2
The Final Convention?!!,2
Mlp Comic Dub - Applejack Tells The Truth (Saucy Comedy),2
"Mlp Season 8 In A Nutshell: Ep. 15 ""The Hearth'S Warming Club""",2
[Pmv] Stop,2
History Repeats: Prologue [Full Cast Audio Drama],2
Game Over [Animatic / Layout],2
Analysins: Everything Wrong With Ilovekimpossiblealot (Mlp Reviews: Season 4),2
[Sfm Ponies] I Betrayed All My Learnings In 3D Animation To Make This One Video,2
Cmpc Surprise!,2
Pmv Collab] Impossible (Ft. Jack Dc 93),1
End Gags Compilation Vol. 3,1
My Little Reviews: Molt Down,1
Totally Legit Recap: ‚ÄúA Matter Of Principals‚Äù Season 8 Episode 14,1
[Blind Commentary] Weird Ponyville,1
Fluttershy Vs Angel Bunny Gang Beasts üçâ | Absolutely Hilarious.,1
(#4) Everything Right/Wrong With Crusaders Of The Lost Mark In 10 1/2 Minutes Pra Less,1
Galacon 2018 [Animatic],1
[Pmv Collab] Impossible (Ft.Jack Dc 93),1
There'S Always Been A 7Th Element Of Harmony!,1
Discords Therapy Visit A Moment With Drwolf,1
"Rotb Part 3 - Birds Of A Feather, Fall Together",1
"Mlp Baby Comic "" 'Ocks!"" [Pinkie And Maud]",1
Little Pip'S Important Announcement [Animation],1
Metal Pmv | The Grand Conjuration,1
A Gift For Lightning Bliss,1
Wierd Ponyville,1
Mlp Animation The Sirens' Call,1
Moral Of The Story - Parental Glideance,1
Taking Every Little Thing She Does Too Seriously Ft. Aeonofdreams,1
No Place Like Home:Episode3 Trailer[Mlp Audio Drama],1
"King Grover'S Court 18: Tools, Telepathy, & Ancestry",1
Open Up Your Eyes (Notion Remix) [Pmv],1
Rotb: An Alicorns Best Friend,1
Friendship Is Musical | Bronycon-Galacon Special,1
Saturday Morning Ponies: Hey Arnold - The List,1
[Sfm] Papa Tutu Wawa Fluttershy (Meme),1
Welcome To The Belly Bro Fandom? - Brony History,1
Bronycon Is Not The End,1
[Pmv]-Peace Sign,1
(#4) Everything Right/Wrong With Crusaders Of The Lost Mark In 10 1/2 Minutes Or Less,1
Let'S Switch Bodies [Animation],1
"Mlp Season 8 In A Nutshell: Ep. 17 ""The End In Frien",1
"Planes, Trains And Pony Cringe (Train Of Thought)",1
[Mlp Comic Dub] Pinkie Pie Grab My Tail! (Saucy Comedy),1
‚ÄúDiscord‚ÄôS Therapy Visit‚Äù A Moment With Drwolf,1
Fluttershy Plays Bendy'S Nightmare Run üçâ | Can'T Touch This!!,1
"Blind Reaction: Mlp: Fim Season 8 Episodes 1-2 ""School Daze""",1
Sweetie Helle!!!!,1
Trixie - Lost In The Haze [Pmv][Wip],1
The Definition Of Love - A Silent Sfm Movie,1
Pmv Collab Heroes,1
Inexplicable Actions - Extended Teaser [Animation],1
(#5) Everything Right/Wrong With Sweet And Elite In 7 1/2 Minutes Or Less,1
The Great Moulting,1
Sfm Night Club,1
Discord Reacts To Tea Time With Fluttershy!,1
Best Of: Cinemare Sins Season 4,1
The Legend Of Twilight: Breath Of The Dragon,1
[Mlp Comic Dub] Make New Friends But Keep Discord (Comedy),1
(Parody) Everything Wrong With Twilight'S Kingdom #2 In 5 Minutes Or Less,1
A Tale Of Two Derps- Part 3,1
[Mlp Comic Dub] Silly Lyra: The Onion (Comedy),1
Posture Collar - Queen Unicorn Reject [Official Video],1
Unexpected Suprise [Sfm],1