Let'S Switch Bodies [Animation],83
Super Best Sisters Play - Shadow The Hedgehog,58
Game Over [Official Music Video],50
Friendship Is Musical | Bronycon-Galacon Special,46
Bobo Random,28
Bronies React: Season 8 Premiere (School Daze),25
Scootertrix Bronycon Special: Raiders Of The Lost Nemesis,23
Pinkie Tales: Slumber Jack [Sleeping Beauty],23
A Derpy Bewitchment,21
[Pmv]The Nights,19
Open Up Your Eyes (Notion Remix) [Pmv],17
The World Is Saved: Pmv,15
(Sfm Ponies/Tf2) Broken - Sfm Music Video,14
If Uno Was A Horse Anime (Sfm),14
The Fall Of Sunset Shimmer: Animated Teaser,14
[Pmv] Beautiful Life,13
Princewhateverer - Better Tomorrow [Mlp Fan Music],13
Galacon 2018 [Animatic],12
[Sfm Short] Prettiest Unicorn,12
[Sfm Ponies] Past,12
Roan: World At War,12
Osmile Scramble!,11
Irs Phone Scams In A Nutshell (Ft. Bright Idea),11
"Mlp Season 8 In A Nutshell: Ep. 14 ""Yakity-Sax""",10
Pmv | Terminal,10
[Pmv] A Derp I Used To Know,9
Mlp Fim: Daughter Of Discord-Episode 8 (The Final Battle),9
Paper And Ink- Chapter 1: Build Our Machine,8
Pmv | A Thousand Miles,8
Mlp Fim: Daughter Of Discord-Episode 8 [The Final Battle],8
Solar Flare [Sfm Ponies],7
Mlp: Irl - Pinkie'S Taste | Bronycon Special,7
Run This Town | Pmv Collab,7
Gypsy Bard Animated Music Video |Flash Warning|,7
No Small Moments (Pmv),6
"My Little Fanfic: Bloopers Are Life! (100,000 Subscribers Special)",5
"Tf2 Analysis: ""While The Finn'S Away""",5
[Mlp]-[Sfm]-Goner,5
[Sfm Ponies] Granny Goes To Soup,4
Memory Lane (Mlp Music Video),4
K-On! Pony Parody Opening [Pmv] Á¥π‰ªãÂ≠êÈ¶¨,4
Let'S Switch Bodies,3
The Twilight/Trixie Saga: Alicorn Amulet Training (Part 1),3
Sky High,3
Night'S Shift,3
[ Pmv ] My Little Pony The Movie Anime Opening,3
[Pmv] Stop,2
Twilight Sparkle - Havana (Canterlot) F.T. Spike,2
Revenge Of Thunder Blight Trailer,2
Osmile Scramble,2
Sweetie Log,2
(Which Is Better?!) Animatic,2
Taking The Fault In Our Cutie Marks Too Seriously Ft. Lightning Bliss,2
My Little Pony Goes 8-Bit - Save Equestria From Lord Tirek!! üéÆ,2
[Sfm Ponies]Past,2
"Tf2 Analysis: ""Double Rainbow""",2
Diamond Tiara'S Therapy Visit A Moment With Drwolf,2
(#8.2) Everything Right/Wrong With The Last Roundup In 8 Minutes Or Less,2
Galacon 2018 Animatic,2
Myself,2
"Daughter Of Discord Prequel: ""Heartless"" Preview",2
„ÄêPmv Collab„Äë‚úß Devil On My Shoulder,2
Pmv | Some Nights,2
Celestia Plays The Impossible Quiz (I Blame Discord),2
Winter Spirit | Pmv Collab | Opening Pmv Of Cnbronycon,2
Detective Rarity Sfm Reenactment,2
Disney Medley Pmv,2
Every Episode Of Mlp Reviewed In 10 Words Or Less (Seasons 4 And 5),2
"Mlp Season 8 In A Nutshell: Ep. 18 ""Yakity-Sax""",2
Pmv: Kickstart All The Ponies,2
Meeting Fluttershy In Real World! 3D Animation (Part 2),2
Beings [Pmv],2
Price | Pmv,2
Mlp Season 8 In A Nutshell: Ep. 14 ‚ÄúYakity-Sax‚Äù,1
Daughter Of Discord Episode 8 (The Final Battle),1
Mlp In Real Life:China-02,1
[Sfm Ponies] Meow Center With One Still Camera Angle,1
The Fall Rises [Hellfire Mlp Version],1
Fluttershy Plays Granny üçâ | Where Are My Kisses :(,1
Season 8 In A Nutshell Yakity-Sax,1
Canterlot Magic High Oppening [Anthro Mlp] [Sfm],1
Weird Pony Games #2,1
Mlp Fim: Daughter Of Discord-Episode 8 [The Final Battle] 8),1
Equestria News - Suspect Wanted!,1
Mlp: Consume Prilosec (Game Grumps),1
"Daughter Of Discord ""The Very Thing""",1
Open Up Your Eyes(Notion Remix)[Pmv],1
Run This Town‰∏®Pmv Collab,1
Friendship Is Musical Bronycon-Galacon Special,1
Bonus Bronies React: Season 8 Premiere (School Daze),1
Boa Noite,1
Pinkie Tales Slumber Jack,1
Pinkie Tales Slumber Jack [Sleeping Beauty],1
"üí°Bright Idea Singsüí°: My Little Pony Writers (Parody Of ""We Didn'T Start The Fire"")",1
Mlp Fim: Daughter Of Discord- Episode 8 [The Final Battle],1
Friendship Is Musical | Bronycon-Galacon Special 2),1
Friendship Is Musical | Bronycon - Galacon Special,1
"Who Is ""Immatoonlink""? - 10 Year Channel Anniversary",1
"Mlp Season 8 In A Nutshell: Ep. 14 ""Yakity-Six""",1
"Daughter Of Discord ""The Battle Song""",1
[Pmv] Red Trot Blue Trot,1
Sfm Short: Prettiest Unicorn,1
Pinkie'S Secret,1
Pinkie Tales:Slumber Jack[Sleeping Beauty],1
Rarity'S Daughter (Mlp Next Gen Comic Dub),1
Let‚ÄôS Switch Bodies [Animation],1
"Mlp Season 8 In A Nutshell: Ep. 14 ""Yakity-Sax",1
Daughter Of Discord Episode 8,1
"Totally Legit Recap: ""Celestial Advice"" Season 7 Episode 1",1
Analyzing Is Magic: Will Tempest Shadow Return To My Little Pony,1
[Pmv] Skillet - Monster (Tempest Shadow) My Little Pony: The Movie,1
"Daughter Of Discord ""A Different Kind Of Family""",1
Sfm / Music: Princewhateverer - Better Tomorrow,1
[Pmv]Beautiful Life,1
Mlp: Friendship Is Magic - 'Pinkercise W/ Pinkie Pie!' Aerobics Class 80‚ÄôS Flashback üé∂ #Estin83,1
[Pmv]This Is How We Do(4Th Of July!!!),1
Pony Fantasy - Prelude,1
(Mlp Comic Dub) Hats,1
[Pmv] The Nights,1
For Every Answered Prayer,1
Pinkie Tales: Slumber Jack,1
Top 5 Mlps In Mlp,1
Taking It Isn'T The Mane Thing About You Too Seriously Ft. Brawny Buck,1
Slice Of Base Life: Aramau'S Origin,1
Pmv Never Grow Old,1
Speed-Animating: Rainbow Dash,1
Christian'S Cartoons Trailers 2018,1
Welcome Princess Light Breeze Episode 3; School'S A Breeze,1
Paper And Ink-Chapter 1: Build Our Machine,1
"Daughter Of Discord ""Cinnamon Roll In The Bathroom""",1
Princess Celestia And Princess Luna'S Embarrassing Photo Album! [Mlp Comic Dub],1
Friendship Is Musical | Bronycon-Galacon A Special,1
Horse Review: Chinese Luna Plushie (Ft. Siskokid666),1
Black|Pmv,1
[Mlp]Havana,1
Fluttershy And Rainbow Dash [Mlp Animation],1
(Mlp Comic Dub) Apple Bucking,1
10 My Little Pony As Disney Princesses,1
„ÄêMmd„ÄëMlp - Magnet,1
The Fall Of Sunset Shimmer: Animated Tease,1
Mlp- Love In Kindness Episode 4 (The Search),1
Saturday Morning Ponies 2018 Commercials!,1
My Little Pony As Browsers And Softwares!!!,1
(Sfm Anthro Ponies) I'M At Soup,1
The Legend Of Twilight: Breath Of The Dragon,1
Itsannachloem'S Impressions Challenge! Feat. Thelifeoncloud9 |Quirky And Cloudy Do Anna'S Challenge,1
(#6) Everything Right/Wrong With The Saddle Row Review In 7 Minutes Or Less,1
[Mlp Comic Dub] Our Hero (Comedy),1
Take Con Finn (Bronycon 2018 Announcement),1
Different View Of Reality 2: Sirens [Animation],1
Princewhateverer - Miscommunication [Mlp Fan Music],1
The Fall Of Sunset Shimmer:Animatied Teaser,1
Nothing Nice To Say - Animation,1
Rarity‚ÄôS Daughter [Mlp Next Gen Comic Dub],1
Baloneys React: My Little Pony: The Movie (Part 2),1
Rs Phone Scams In A Nutshell (Ft. Bright Idea),1
Mlp Fim: Daughter Of Discord - Episode 8 [The Final Battle],1
Is It Real? Animated Music Video,1
My Little Pony : ÂèãÈÅî„ÅØÈ≠îÊ≥ï„ÄåGenzaichi„ÄçSeason6 Op „ÄåPmv„Äç,1
Game Over[Official Music Video],1
[Cover] Insanity ~Feat. Trydash & Reshiram,1
Going To Broncon Again,1
Faded - Alan Walker [Pmv] (Original Edit),1
(Sfm Ponies/Tf2)Broken - Sfm Music Video,1
Remake.Mp4,1
I Am The Man L Animation Meme,1
What'S On Tv?,1
Pages [Pmv],1
"[Mlp Comic Dub] It Ain‚ÄôT All About You, Applejack (Comedy)",1
"Totally Legit Recap: ""Horse Play"" Season 8 Episode 7 / Celestia, We Love You",1
Black | Pmv,1
The Equestrians (Sopranos Ponified Opening),1
Bronycon 2019 Announcement Speech,1
Osmile ScrambleÔºÅ,0
K-On! Pony Parody Opening [Pmv] Á¥π‰ªãÂ≠êÈ¶¨Ôªø,0
Super Best Sisters Play - Shadow The HedgehogÔªø,0
The World Is Saved: PmvÔªø,0